INSERT INTO articles ( article_slug, article_title, article_content, article_metagenerated, article_metatitle, article_metadescription, article_metakeywords, article_author, article_published, article_created, article_updated, article_updatedby ) 
VALUES ( 'whychoosexindi', 'Why choose Xindi?', '<h1>Why choose Xindi?</h1><p>Fusce tincidunt est eget purus facilisis dapibus ut sit amet urna? Nunc a nisi consectetur nibh tempor porttitor. Sed condimentum, dolor nec adipiscing cursus, arcu lorem tristique eros, id molestie arcu tellus a mauris. Maecenas vel orci ligula. Vivamus vestibulum dolor at magna elementum tempus sed nec dui. Sed volutpat hendrerit leo, nec ornare erat fringilla sed. Donec eu arcu libero. Donec vitae velit lacus.<br /><br />Sed in pharetra risus. Proin vel erat magna. Nulla sit amet turpis placerat est molestie mollis? Etiam lorem est, vehicula a facilisis ut, congue et ligula. Quisque in nisi nunc, eget dapibus massa? In dignissim dapibus tortor, in scelerisque ligula bibendum a. Vestibulum ut congue sem. Morbi erat metus, auctor ut tempor et, auctor faucibus sem. Morbi porttitor elit neque, non posuere urna.<br /><br />Maecenas fringilla erat sit amet ipsum egestas gravida. Nulla a sodales turpis. Vestibulum vestibulum neque eget massa eleifend posuere. Mauris consectetur quam sed velit eleifend et aliquet arcu luctus. Vestibulum in lectus enim, vitae molestie enim. Vestibulum enim mauris, bibendum quis fringilla vel, feugiat et libero. Aenean et nulla enim. Pellentesque mauris leo, accumsan non ullamcorper sed; pharetra ac nibh. Vivamus porta, urna ut feugiat cursus, enim diam luctus mauris, ac venenatis magna augue a enim? Nulla facilisi. Mauris eu metus eget nibh semper rutrum. Praesent vel risus orci!<br />&nbsp;</p>', 1, 'Why choose Xindi?', 'Fusce tincidunt est eget purus facilisis dapibus ut sit amet urna? Nunc a nisi consectetur nibh tempor porttitor. Sed condimentum, dolor nec adipiscing cursus, arcu lore', 'Fusce,tincidunt,est,eget,purus,facilisis,dapibus,ut,sit,amet,urna?,Nunc,nisi,consectetur,nibh,tempor,porttitor,Sed,condimentum,dolor,nec,adipiscing,cursus,arcu,lorem,tri', 'Simon Bingham', '20120101', '20120101', '20120101', 'Simon Bingham' );
INSERT INTO articles ( article_slug, article_title, article_content, article_metagenerated, article_metatitle, article_metadescription, article_metakeywords, article_author, article_published, article_created, article_updated, article_updatedby ) 
VALUES ( 'whydeveloperslovexindi', 'Why developers love Xindi', '<h1>Why developers love Xindi</h1><p>Nunc sollicitudin venenatis quam; sit amet fermentum tortor porttitor vitae? Cras auctor, quam vestibulum ultricies tincidunt, elit turpis vestibulum lectus, quis placerat libero elit eget tellus. Etiam sollicitudin commodo lorem, ut interdum massa lobortis quis. Fusce accumsan, arcu non pharetra rhoncus, ligula quam congue lacus, sed tincidunt risus ligula sed ligula? Etiam gravida ipsum vitae felis vehicula in pulvinar magna pulvinar. Donec volutpat odio ut massa pellentesque fringilla. In pretium lorem at arcu blandit mattis! Nulla convallis mauris id dui euismod commodo. Nulla facilisi. Nullam nibh nisi, porttitor nec malesuada sed, bibendum ut sem.<br /><br />Quisque vitae lacus augue, eu sollicitudin purus? Aliquam vitae justo et orci facilisis mollis. Mauris feugiat; purus ornare fermentum facilisis, nibh lacus consequat magna, non sodales tortor risus vel tortor. Morbi in arcu mauris, eget pellentesque purus! Integer viverra hendrerit congue. Nulla facilisi. Quisque blandit libero sed eros mollis at facilisis felis ornare! Aenean pretium lorem placerat enim fermentum nec ullamcorper sem facilisis. Aliquam vulputate quam quis nibh laoreet sed vulputate dui lacinia. Vivamus fermentum; lacus ac laoreet gravida, urna mi fringilla lectus, venenatis viverra eros est eu justo? Vivamus ullamcorper, justo in cursus malesuada, augue dolor lobortis massa, ac auctor ipsum mauris nec velit?<br /><br />Duis lectus massa, semper sed vestibulum sodales, aliquet sit amet justo? Cras ornare, eros a congue dictum, turpis risus ornare dui, in volutpat sapien leo eget nunc! Aenean a mi eros, in mollis tellus? Donec ligula est, ullamcorper eu dignissim sed, condimentum et sem. Donec commodo tellus ac risus pharetra dictum. Aenean eget nibh leo. Curabitur quam turpis, pretium in molestie nec, consequat eget purus. Ut eu nulla justo? Aliquam vitae libero quis dolor porta fermentum rhoncus vitae ligula. Phasellus eu ipsum magna. Nulla eu erat ut elit tincidunt interdum id vel nisi.<br />&nbsp;</p>', 1, 'Why developers love Xindi', 'Nunc sollicitudin venenatis quam; sit amet fermentum tortor porttitor vitae? Cras auctor, quam vestibulum ultricies tincidunt, elit turpis vestibulum lectus, quis placer', 'Nunc,sollicitudin,venenatis,quam;,sit,amet,fermentum,tortor,porttitor,vitae?,Cras,auctor,quam,vestibulum,ultricies,tincidunt,elit,turpis,lectus,quis,placerat,libero,eget', 'Simon Bingham', '20120101', '20120101', '20120101', 'John Whish' );
INSERT INTO articles ( article_slug, article_title, article_content, article_metagenerated, article_metatitle, article_metadescription, article_metakeywords, article_author, article_published, article_created, article_updated, article_updatedby ) 
VALUES ( 'whyclientslovexindi', 'Why clients love Xindi', '<h1>Why clients love Xindi</h1><p>Vestibulum vulputate vestibulum ornare? Integer imperdiet, lectus quis faucibus tincidunt; neque risus consequat nunc, quis bibendum odio lorem consectetur ipsum. Morbi consequat pellentesque diam, sed sagittis neque iaculis eget. Duis semper diam sit amet augue fringilla ultricies. Donec pellentesque viverra mauris sit amet imperdiet. Etiam sit amet neque odio, sed porta velit. Sed sollicitudin rhoncus ipsum eget scelerisque! Maecenas scelerisque consectetur felis, in vestibulum leo sagittis et. Nunc vestibulum, augue sit amet ornare pulvinar, justo nisl auctor nibh, at suscipit lacus enim in enim. Cras erat erat, euismod condimentum laoreet vitae, vulputate quis neque.<br /><br />Mauris at lacus nisl, at varius diam. Morbi ultrices nisl sapien. Nam mollis mi ut dolor rhoncus sit amet consectetur neque sagittis. Phasellus feugiat ante id eros pellentesque quis sodales leo varius. Cras vel urna ligula. Aenean fringilla posuere orci nec ultrices. In ac dictum nisi. Praesent euismod enim ut ante pellentesque vel hendrerit lacus accumsan. Donec eleifend, est id rutrum dignissim, lorem arcu elementum nisi, vehicula ornare nulla arcu sed lacus. Quisque ultrices rutrum hendrerit. Sed eu nunc mi, eu adipiscing quam?<br /><br />Cras tincidunt diam eu metus fermentum eleifend. Nulla vel blandit diam. Phasellus iaculis, est vel semper semper, sem quam lobortis urna, in scelerisque mauris quam vel felis! Etiam elit ante, tincidunt eu faucibus sit amet, aliquet ac neque. Pellentesque ipsum velit, consequat ac ornare id, consequat non tortor? Ut odio lacus, tempus quis volutpat id, mollis sagittis metus. Morbi rhoncus mi ut urna dapibus et sagittis ipsum ultrices. Etiam varius, ligula eu semper tempor, ante felis laoreet leo; ut dignissim purus libero quis nibh. Fusce ac mauris lectus, eu accumsan augue. Nam vehicula varius nibh id euismod. Praesent et dui in orci dignissim egestas et in urna. Aliquam sit amet urna massa. Sed molestie elementum velit, ac interdum dolor cursus sit amet! Etiam suscipit dapibus ligula.<br />&nbsp;</p>', 1, 'Why clients love Xindi', 'Vestibulum vulputate vestibulum ornare? Integer imperdiet, lectus quis faucibus tincidunt; neque risus consequat nunc, quis bibendum odio lorem consectetur ipsum. Morbi ', 'Vestibulum,vulputate,ornare?,Integer,imperdiet,lectus,quis,faucibus,tincidunt;,neque,risus,consequat,nunc,bibendum,odio,lorem,consectetur,ipsum,Morbi,pellentesque,diam,s', 'Simon Bingham', '20120101', '20120101', '20120101', 'Andy Beer' );

INSERT INTO enquiries (enquiry_name, enquiry_email, enquiry_message, enquiry_read, enquiry_created ) 
VALUES ( 'Simon Bingham', 'example@example.com', 'Phasellus ut tortor in erat dignissim eleifend at nec leo! Praesent vel lectus et elit condimentum hendrerit vel sit amet magna. Nunc luctus bibendum mi sed posuere. Pellentesque facilisis ullamcorper ultrices. Nulla eu dolor ac nunc laoreet tincidunt. Nulla et laoreet eros. Proin id pellentesque justo? Maecenas quis risus augue. Nulla commodo laoreet est nec mattis. Phasellus id dolor quam, id mattis mauris.', 0, '20120101' );
INSERT INTO enquiries (enquiry_name, enquiry_email, enquiry_message, enquiry_read, enquiry_created ) 
VALUES ( 'John Whish', 'example@example.com', 'Phasellus ut tortor in erat dignissim eleifend at nec leo! Praesent vel lectus et elit condimentum hendrerit vel sit amet magna. Nunc luctus bibendum mi sed posuere. Pellentesque facilisis ullamcorper ultrices. Nulla eu dolor ac nunc laoreet tincidunt. Nulla et laoreet eros. Proin id pellentesque justo? Maecenas quis risus augue. Nulla commodo laoreet est nec mattis. Phasellus id dolor quam, id mattis mauris.', 0, '20120101' );
INSERT INTO enquiries (enquiry_name, enquiry_email, enquiry_message, enquiry_read, enquiry_created ) 
VALUES ( 'Andy Beer', 'example@example.com', 'Phasellus ut tortor in erat dignissim eleifend at nec leo! Praesent vel lectus et elit condimentum hendrerit vel sit amet magna. Nunc luctus bibendum mi sed posuere. Pellentesque facilisis ullamcorper ultrices. Nulla eu dolor ac nunc laoreet tincidunt. Nulla et laoreet eros. Proin id pellentesque justo? Maecenas quis risus augue. Nulla commodo laoreet est nec mattis. Phasellus id dolor quam, id mattis mauris.', 0, '20120101' );

INSERT INTO pages ( page_slug, page_left, page_right, page_ancestorid, page_depth, page_title, page_content, page_metagenerated, page_metatitle, page_metadescription, page_metakeywords, page_created, page_updated, page_updatedby )
VALUES ( 'home', 1, 18, 0, 1, 'Home', '<h1>Welcome to Xindi</h1><p><img align="right" alt="" border="2" src="_clientfiles/home/xindi-logo.gif" style="padding:5px; margin:0 0 15px 15px;" /><strong>You have successfully installed Xindi!</strong></p><p>This is the public facing site which is fully customisable.</p></p><a href="./admin" target="_blank">You can access the content management system here</a>. The default username and password are &#39;admin&#39;.</p><p>If you need support you can:</p><ul><li><a href="https://github.com/simonbingham/xindi">View our Wiki and Issue Tracker</a></li><li><a href="https://groups.google.com/forum/?hl=en&amp;fromgroups#!forum/getxindi">Post to our Google Group</a></li></ul><p>To keep up to date with the latest Xindi news:</p><ul><li><a href="http://www.getxindi.com/">Visit our website</a></li><li><a href="https://twitter.com/#!/getxindi">Follow us on Twitter</a></li><li><a href="http://www.facebook.com/getxindi">Find us on Facebook</a></li><li><a href="https://plus.google.com/112798469896267857099/posts">Find us on Google+</a></li></ul><p>We very much welcome contributions to Xindi. If you would like to contribute some code please <a href="http://github.com/simonbingham/xindi">fork the project on GitHub, modify the code and send us a pull request</a>.</p><p>Finally, although Xindi is an open source project and completely free to use, we also offer a range of paid services including design, programming, hosting and promotion. For more information please visit <a href="http://www.getxindi.com/">getxindi.com</a>.</p>', 1, 'Welcome to Xindi', 'Welcome to Xindi You have successfully installed Xindi! This is the public facing site which is fully customisable. &nbsp; You can access the content management system h', 'need,visit,Group,open,free,although,Issue,username,Google+,Follow,Wiki,GitHub,Finally,fully,information,services,fork,support,hosting,like,Facebook,content,customisable', '20120101', '20120101', 'Simon Bingham' );
INSERT INTO pages ( page_slug, page_left, page_right, page_ancestorid, page_depth, page_title, page_content, page_metagenerated, page_metatitle, page_metadescription, page_metakeywords, page_created, page_updated, page_updatedby )
VALUES ( 'design', 2, 3, 1, 2, 'Design', '<h1>Design</h1><p>Nullam egestas accumsan vestibulum! Sed id lectus vitae nunc venenatis venenatis vitae eu sem. Nam sit amet augue vitae mi ornare bibendum feugiat sed erat. Mauris risus neque; aliquam non rutrum ac, molestie consequat mi. Fusce vitae mauris nec tortor pretium rutrum. In hac habitasse platea dictumst. Maecenas volutpat porttitor pellentesque. Duis sapien neque, cursus interdum ultrices non, lacinia vel lorem. Cum sociis natoque penatibus et magnis dis parturient montes, nascetur ridiculus mus. Ut a leo eget purus congue gravida. Lorem ipsum dolor sit amet, consectetur adipiscing elit. Etiam vulputate bibendum arcu non luctus. Curabitur pretium felis ac ipsum pellentesque nec tempus arcu malesuada.<br /><br />Integer eleifend sem ullamcorper felis gravida gravida. Integer orci arcu, feugiat vitae condimentum sed, commodo et nisl. Donec nibh nisi; gravida a pulvinar vitae, placerat cursus augue. Integer et libero id velit ullamcorper auctor. Nullam dictum scelerisque fringilla. Praesent fringilla lorem a elit dictum vel suscipit nisl egestas. Nullam eget arcu lacus. Praesent scelerisque, augue ut condimentum sagittis, arcu eros facilisis purus, malesuada fermentum neque velit quis dui. Aliquam fermentum hendrerit metus ac sollicitudin. Vestibulum varius, urna at ultricies scelerisque, libero orci aliquet mi, a molestie purus massa et lectus! Aenean nulla sem, venenatis vel pulvinar non, volutpat in dui! In id risus arcu. Vivamus at ipsum erat, in fringilla massa. Sed accumsan lacinia fringilla.<br /><br />In posuere porttitor purus. Fusce mi lorem; pretium ut feugiat id, tincidunt consectetur enim. Aenean feugiat arcu sed tellus scelerisque eget luctus turpis sodales. Integer in felis orci. Curabitur ultricies mi non nibh condimentum ac commodo turpis adipiscing. Mauris sapien lorem, dignissim ac ultrices vitae, scelerisque a turpis. Praesent et nunc nec magna euismod ultrices. Proin eget scelerisque elit. Etiam rutrum ipsum id mauris tincidunt feugiat. Suspendisse lectus ante, porta vitae tempor et, sagittis sit amet mauris. Phasellus sed leo eu magna viverra consectetur id non purus. Nam placerat varius purus, sed ullamcorper lacus porta tristique.<br />&nbsp;</p>', 1, 'Design', 'Design Nullam egestas accumsan vestibulum! Sed id lectus vitae nunc venenatis venenatis vitae eu sem. Nam sit amet augue vitae mi ornare bibendum feugiat sed erat. Mauri', 'Design,Nullam,egestas,accumsan,vestibulum!,Sed,id,lectus,vitae,nunc,venenatis,eu,sem,Nam,sit,amet,augue,mi,ornare,bibendum,feugiat,erat,Mauris,risus,neque;,aliquam,non,r', '20120101', '20120101', 'Simon Bingham' );
INSERT INTO pages ( page_slug, page_left, page_right, page_ancestorid, page_depth, page_title, page_content, page_metagenerated, page_metatitle, page_metadescription, page_metakeywords, page_created, page_updated, page_updatedby )
VALUES ( 'consulting', 4, 11, 1, 2, 'Consulting', '<h1>Consulting</h1><p>Nullam egestas accumsan vestibulum! Sed id lectus vitae nunc venenatis venenatis vitae eu sem. Nam sit amet augue vitae mi ornare bibendum feugiat sed erat. Mauris risus neque; aliquam non rutrum ac, molestie consequat mi. Fusce vitae mauris nec tortor pretium rutrum. In hac habitasse platea dictumst. Maecenas volutpat porttitor pellentesque. Duis sapien neque, cursus interdum ultrices non, lacinia vel lorem. Cum sociis natoque penatibus et magnis dis parturient montes, nascetur ridiculus mus. Ut a leo eget purus congue gravida. Lorem ipsum dolor sit amet, consectetur adipiscing elit. Etiam vulputate bibendum arcu non luctus. Curabitur pretium felis ac ipsum pellentesque nec tempus arcu malesuada.<br /><br />Integer eleifend sem ullamcorper felis gravida gravida. Integer orci arcu, feugiat vitae condimentum sed, commodo et nisl. Donec nibh nisi; gravida a pulvinar vitae, placerat cursus augue. Integer et libero id velit ullamcorper auctor. Nullam dictum scelerisque fringilla. Praesent fringilla lorem a elit dictum vel suscipit nisl egestas. Nullam eget arcu lacus. Praesent scelerisque, augue ut condimentum sagittis, arcu eros facilisis purus, malesuada fermentum neque velit quis dui. Aliquam fermentum hendrerit metus ac sollicitudin. Vestibulum varius, urna at ultricies scelerisque, libero orci aliquet mi, a molestie purus massa et lectus! Aenean nulla sem, venenatis vel pulvinar non, volutpat in dui! In id risus arcu. Vivamus at ipsum erat, in fringilla massa. Sed accumsan lacinia fringilla.<br /><br />In posuere porttitor purus. Fusce mi lorem; pretium ut feugiat id, tincidunt consectetur enim. Aenean feugiat arcu sed tellus scelerisque eget luctus turpis sodales. Integer in felis orci. Curabitur ultricies mi non nibh condimentum ac commodo turpis adipiscing. Mauris sapien lorem, dignissim ac ultrices vitae, scelerisque a turpis. Praesent et nunc nec magna euismod ultrices. Proin eget scelerisque elit. Etiam rutrum ipsum id mauris tincidunt feugiat. Suspendisse lectus ante, porta vitae tempor et, sagittis sit amet mauris. Phasellus sed leo eu magna viverra consectetur id non purus. Nam placerat varius purus, sed ullamcorper lacus porta tristique.<br />&nbsp;</p>', 1, 'Consulting', 'Consulting Nullam egestas accumsan vestibulum! Sed id lectus vitae nunc venenatis venenatis vitae eu sem. Nam sit amet augue vitae mi ornare bibendum feugiat sed erat. M', 'Consulting,Nullam,egestas,accumsan,vestibulum!,Sed,id,lectus,vitae,nunc,venenatis,eu,sem,Nam,sit,amet,augue,mi,ornare,bibendum,feugiat,erat,Mauris,risus,neque;,aliquam,n', '20120101', '20120101', 'John Whish' );
INSERT INTO pages ( page_slug, page_left, page_right, page_ancestorid, page_depth, page_title, page_content, page_metagenerated, page_metatitle, page_metadescription, page_metakeywords, page_created, page_updated, page_updatedby )
VALUES ( 'sample-page-1', 5, 6, 3, 3, 'Sample Page 1', '<h1>Sample Page 1</h1><p>Nullam egestas accumsan vestibulum! Sed id lectus vitae nunc venenatis venenatis vitae eu sem. Nam sit amet augue vitae mi ornare bibendum feugiat sed erat. Mauris risus neque; aliquam non rutrum ac, molestie consequat mi. Fusce vitae mauris nec tortor pretium rutrum. In hac habitasse platea dictumst. Maecenas volutpat porttitor pellentesque. Duis sapien neque, cursus interdum ultrices non, lacinia vel lorem. Cum sociis natoque penatibus et magnis dis parturient montes, nascetur ridiculus mus. Ut a leo eget purus congue gravida. Lorem ipsum dolor sit amet, consectetur adipiscing elit. Etiam vulputate bibendum arcu non luctus. Curabitur pretium felis ac ipsum pellentesque nec tempus arcu malesuada.<br /><br />Integer eleifend sem ullamcorper felis gravida gravida. Integer orci arcu, feugiat vitae condimentum sed, commodo et nisl. Donec nibh nisi; gravida a pulvinar vitae, placerat cursus augue. Integer et libero id velit ullamcorper auctor. Nullam dictum scelerisque fringilla. Praesent fringilla lorem a elit dictum vel suscipit nisl egestas. Nullam eget arcu lacus. Praesent scelerisque, augue ut condimentum sagittis, arcu eros facilisis purus, malesuada fermentum neque velit quis dui. Aliquam fermentum hendrerit metus ac sollicitudin. Vestibulum varius, urna at ultricies scelerisque, libero orci aliquet mi, a molestie purus massa et lectus! Aenean nulla sem, venenatis vel pulvinar non, volutpat in dui! In id risus arcu. Vivamus at ipsum erat, in fringilla massa. Sed accumsan lacinia fringilla.<br /><br />In posuere porttitor purus. Fusce mi lorem; pretium ut feugiat id, tincidunt consectetur enim. Aenean feugiat arcu sed tellus scelerisque eget luctus turpis sodales. Integer in felis orci. Curabitur ultricies mi non nibh condimentum ac commodo turpis adipiscing. Mauris sapien lorem, dignissim ac ultrices vitae, scelerisque a turpis. Praesent et nunc nec magna euismod ultrices. Proin eget scelerisque elit. Etiam rutrum ipsum id mauris tincidunt feugiat. Suspendisse lectus ante, porta vitae tempor et, sagittis sit amet mauris. Phasellus sed leo eu magna viverra consectetur id non purus. Nam placerat varius purus, sed ullamcorper lacus porta tristique.<br />&nbsp;</p>', 1, 'Sample Page', 'Sample Page Nullam egestas accumsan vestibulum! Sed id lectus vitae nunc venenatis venenatis vitae eu sem. Nam sit amet augue vitae mi ornare bibendum feugiat', 'Sample Page,Nullam,egestas,accumsan,vestibulum!,Sed,id,lectus,vitae,nunc,venenatis,eu,sem,Nam,sit,amet,augue,mi,ornare,bibendum,feugiat,erat,Mauris,risus,neque', '20120101', '20120101', 'Simon Bingham' );
INSERT INTO pages ( page_slug, page_left, page_right, page_ancestorid, page_depth, page_title, page_content, page_metagenerated, page_metatitle, page_metadescription, page_metakeywords, page_created, page_updated, page_updatedby )
VALUES ( 'sample-page-2', 7, 8, 3, 3, 'Sample Page 2', '<h1>Sample Page 2</h1><p>Nullam egestas accumsan vestibulum! Sed id lectus vitae nunc venenatis venenatis vitae eu sem. Nam sit amet augue vitae mi ornare bibendum feugiat sed erat. Mauris risus neque; aliquam non rutrum ac, molestie consequat mi. Fusce vitae mauris nec tortor pretium rutrum. In hac habitasse platea dictumst. Maecenas volutpat porttitor pellentesque. Duis sapien neque, cursus interdum ultrices non, lacinia vel lorem. Cum sociis natoque penatibus et magnis dis parturient montes, nascetur ridiculus mus. Ut a leo eget purus congue gravida. Lorem ipsum dolor sit amet, consectetur adipiscing elit. Etiam vulputate bibendum arcu non luctus. Curabitur pretium felis ac ipsum pellentesque nec tempus arcu malesuada.<br /><br />Integer eleifend sem ullamcorper felis gravida gravida. Integer orci arcu, feugiat vitae condimentum sed, commodo et nisl. Donec nibh nisi; gravida a pulvinar vitae, placerat cursus augue. Integer et libero id velit ullamcorper auctor. Nullam dictum scelerisque fringilla. Praesent fringilla lorem a elit dictum vel suscipit nisl egestas. Nullam eget arcu lacus. Praesent scelerisque, augue ut condimentum sagittis, arcu eros facilisis purus, malesuada fermentum neque velit quis dui. Aliquam fermentum hendrerit metus ac sollicitudin. Vestibulum varius, urna at ultricies scelerisque, libero orci aliquet mi, a molestie purus massa et lectus! Aenean nulla sem, venenatis vel pulvinar non, volutpat in dui! In id risus arcu. Vivamus at ipsum erat, in fringilla massa. Sed accumsan lacinia fringilla.<br /><br />In posuere porttitor purus. Fusce mi lorem; pretium ut feugiat id, tincidunt consectetur enim. Aenean feugiat arcu sed tellus scelerisque eget luctus turpis sodales. Integer in felis orci. Curabitur ultricies mi non nibh condimentum ac commodo turpis adipiscing. Mauris sapien lorem, dignissim ac ultrices vitae, scelerisque a turpis. Praesent et nunc nec magna euismod ultrices. Proin eget scelerisque elit. Etiam rutrum ipsum id mauris tincidunt feugiat. Suspendisse lectus ante, porta vitae tempor et, sagittis sit amet mauris. Phasellus sed leo eu magna viverra consectetur id non purus. Nam placerat varius purus, sed ullamcorper lacus porta tristique.<br />&nbsp;</p>', 1, 'Sample Page', 'Sample Page Nullam egestas accumsan vestibulum! Sed id lectus vitae nunc venenatis venenatis vitae eu sem. Nam sit amet augue vitae mi ornare bibendum feugiat', 'Sample Page,Nullam,egestas,accumsan,vestibulum!,Sed,id,lectus,vitae,nunc,venenatis,eu,sem,Nam,sit,amet,augue,mi,ornare,bibendum,feugiat,erat,Mauris,risus,neque', '20120101', '20120101', 'John Whish' );
INSERT INTO pages ( page_slug, page_left, page_right, page_ancestorid, page_depth, page_title, page_content, page_metagenerated, page_metatitle, page_metadescription, page_metakeywords, page_created, page_updated, page_updatedby )
VALUES ( 'sample-page-3', 9, 10, 3, 3, 'Sample Page 3', '<h1>Sample Page 3</h1><p>Nullam egestas accumsan vestibulum! Sed id lectus vitae nunc venenatis venenatis vitae eu sem. Nam sit amet augue vitae mi ornare bibendum feugiat sed erat. Mauris risus neque; aliquam non rutrum ac, molestie consequat mi. Fusce vitae mauris nec tortor pretium rutrum. In hac habitasse platea dictumst. Maecenas volutpat porttitor pellentesque. Duis sapien neque, cursus interdum ultrices non, lacinia vel lorem. Cum sociis natoque penatibus et magnis dis parturient montes, nascetur ridiculus mus. Ut a leo eget purus congue gravida. Lorem ipsum dolor sit amet, consectetur adipiscing elit. Etiam vulputate bibendum arcu non luctus. Curabitur pretium felis ac ipsum pellentesque nec tempus arcu malesuada.<br /><br />Integer eleifend sem ullamcorper felis gravida gravida. Integer orci arcu, feugiat vitae condimentum sed, commodo et nisl. Donec nibh nisi; gravida a pulvinar vitae, placerat cursus augue. Integer et libero id velit ullamcorper auctor. Nullam dictum scelerisque fringilla. Praesent fringilla lorem a elit dictum vel suscipit nisl egestas. Nullam eget arcu lacus. Praesent scelerisque, augue ut condimentum sagittis, arcu eros facilisis purus, malesuada fermentum neque velit quis dui. Aliquam fermentum hendrerit metus ac sollicitudin. Vestibulum varius, urna at ultricies scelerisque, libero orci aliquet mi, a molestie purus massa et lectus! Aenean nulla sem, venenatis vel pulvinar non, volutpat in dui! In id risus arcu. Vivamus at ipsum erat, in fringilla massa. Sed accumsan lacinia fringilla.<br /><br />In posuere porttitor purus. Fusce mi lorem; pretium ut feugiat id, tincidunt consectetur enim. Aenean feugiat arcu sed tellus scelerisque eget luctus turpis sodales. Integer in felis orci. Curabitur ultricies mi non nibh condimentum ac commodo turpis adipiscing. Mauris sapien lorem, dignissim ac ultrices vitae, scelerisque a turpis. Praesent et nunc nec magna euismod ultrices. Proin eget scelerisque elit. Etiam rutrum ipsum id mauris tincidunt feugiat. Suspendisse lectus ante, porta vitae tempor et, sagittis sit amet mauris. Phasellus sed leo eu magna viverra consectetur id non purus. Nam placerat varius purus, sed ullamcorper lacus porta tristique.<br />&nbsp;</p>', 1, 'Sample Page', 'Sample Page Nullam egestas accumsan vestibulum! Sed id lectus vitae nunc venenatis venenatis vitae eu sem. Nam sit amet augue vitae mi ornare bibendum feugiat', 'Sample Page,Nullam,egestas,accumsan,vestibulum!,Sed,id,lectus,vitae,nunc,venenatis,eu,sem,Nam,sit,amet,augue,mi,ornare,bibendum,feugiat,erat,Mauris,risus,neque', '20120101', '20120101', 'Andy Beer' );
INSERT INTO pages ( page_slug, page_left, page_right, page_ancestorid, page_depth, page_title, page_content, page_metagenerated, page_metatitle, page_metadescription, page_metakeywords, page_created, page_updated, page_updatedby )
VALUES ( 'training', 12, 13, 1, 2, 'Training', '<h1>Training</h1><p>Nullam egestas accumsan vestibulum! Sed id lectus vitae nunc venenatis venenatis vitae eu sem. Nam sit amet augue vitae mi ornare bibendum feugiat sed erat. Mauris risus neque; aliquam non rutrum ac, molestie consequat mi. Fusce vitae mauris nec tortor pretium rutrum. In hac habitasse platea dictumst. Maecenas volutpat porttitor pellentesque. Duis sapien neque, cursus interdum ultrices non, lacinia vel lorem. Cum sociis natoque penatibus et magnis dis parturient montes, nascetur ridiculus mus. Ut a leo eget purus congue gravida. Lorem ipsum dolor sit amet, consectetur adipiscing elit. Etiam vulputate bibendum arcu non luctus. Curabitur pretium felis ac ipsum pellentesque nec tempus arcu malesuada.<br /><br />Integer eleifend sem ullamcorper felis gravida gravida. Integer orci arcu, feugiat vitae condimentum sed, commodo et nisl. Donec nibh nisi; gravida a pulvinar vitae, placerat cursus augue. Integer et libero id velit ullamcorper auctor. Nullam dictum scelerisque fringilla. Praesent fringilla lorem a elit dictum vel suscipit nisl egestas. Nullam eget arcu lacus. Praesent scelerisque, augue ut condimentum sagittis, arcu eros facilisis purus, malesuada fermentum neque velit quis dui. Aliquam fermentum hendrerit metus ac sollicitudin. Vestibulum varius, urna at ultricies scelerisque, libero orci aliquet mi, a molestie purus massa et lectus! Aenean nulla sem, venenatis vel pulvinar non, volutpat in dui! In id risus arcu. Vivamus at ipsum erat, in fringilla massa. Sed accumsan lacinia fringilla.<br /><br />In posuere porttitor purus. Fusce mi lorem; pretium ut feugiat id, tincidunt consectetur enim. Aenean feugiat arcu sed tellus scelerisque eget luctus turpis sodales. Integer in felis orci. Curabitur ultricies mi non nibh condimentum ac commodo turpis adipiscing. Mauris sapien lorem, dignissim ac ultrices vitae, scelerisque a turpis. Praesent et nunc nec magna euismod ultrices. Proin eget scelerisque elit. Etiam rutrum ipsum id mauris tincidunt feugiat. Suspendisse lectus ante, porta vitae tempor et, sagittis sit amet mauris. Phasellus sed leo eu magna viverra consectetur id non purus. Nam placerat varius purus, sed ullamcorper lacus porta tristique.<br />&nbsp;</p>', 1, 'Training', 'Training Nullam egestas accumsan vestibulum! Sed id lectus vitae nunc venenatis venenatis vitae eu sem. Nam sit amet augue vitae mi ornare bibendum feugiat sed erat. Mau', 'Training,Nullam,egestas,accumsan,vestibulum!,Sed,id,lectus,vitae,nunc,venenatis,eu,sem,Nam,sit,amet,augue,mi,ornare,bibendum,feugiat,erat,Mauris,risus,neque;,aliquam,non', '20120101', '20120101', 'Simon Bingham' );
INSERT INTO pages ( page_slug, page_left, page_right, page_ancestorid, page_depth, page_title, page_content, page_metagenerated, page_metatitle, page_metadescription, page_metakeywords, page_created, page_updated, page_updatedby )
VALUES ( 'news', 14, 15, 1, 2, 'News', '<h1>News</h1><p><a href="https://github.com/simonbingham/xindi/wiki/2.-Frequently-Asked-Questions">Follow the instructions on our wiki</a> to make this page redirect to the news feature.</p><p>	Alternatively, you can access the news feature at <a href="index.cfm/news">index.cfm/news</a>.</p>', 1, 'News', 'News You can follow the instructions on our wiki to make this page redirect to the news feature. You can also access the news feature at index.cfm/news .', 'News,You,can,follow,instructions,our,wiki,make,page,redirect,feature,also,access,at,indexcfm/news', '20120101', '20120101', 'Simon Bingham' );
INSERT INTO pages ( page_slug, page_left, page_right, page_ancestorid, page_depth, page_title, page_content, page_metagenerated, page_metatitle, page_metadescription, page_metakeywords, page_created, page_updated, page_updatedby )
VALUES ( 'enquiry', 16, 17, 1, 2, 'Contact', '<h1>Contact</h1><p><a href="https://github.com/simonbingham/xindi/wiki/2.-Frequently-Asked-Questions">Follow the instructions on our wiki</a> to make this page redirect to the contact form feature.</p><p>	Alternatively, you can access the contact form feature at <a href="index.cfm/enquiry">index.cfm/enquiry</a>.</p>', 1, 'Contact', 'Contact Follow the instructions on our wiki to make this page redirect to the contact form feature. Alternatively, you can access the contact form feature at index.cfm/e', 'Contact,Follow,instructions,our,wiki,make,page,redirect,form,feature,Alternatively,you,can,access,at,indexcfm/enquiry', '20120101', '20120101', 'Simon Bingham' );

INSERT INTO users ( user_name, user_email, user_username, user_password, user_created, user_updated ) 
VALUES ( 'Default User', 'enquiries@getxindi.com', 'admin', '1492D0A411AD79F0D1897DB928AA05612023D222D7E4D6B802C68C6F750E0BDB', '20120101', '20120101' );